,filename,euclidean_distance,value_near_1,value_near_2,value_near_3,value_near_4,value_near_5,value_near_6,value_near_7,value_near_8,value_near_9,value_near_10
0,obj10__4.png,0.039994942167262786,0.03977527564457808,0.03799728188363049,0.0376496472358148,0.03721773837582208,0.03693295022811288,0.03691570172793034,0.03673963036222389,0.03664872330739768,0.036645789350484646,0.036628973551561264
1,obj4__57.png,0.04043459281370726,0.04021842455020761,0.038516997034185596,0.03803873419196179,0.03799992549850837,0.03799738895398879,0.037964480472792175,0.03796219394453094,0.03796058243983825,0.03794747585462378,0.03794348643443227
2,obj7__38.png,0.039260363477023386,0.03920726639854452,0.03913573352905931,0.039117744068069685,0.03898904433832721,0.03881914917768747,0.0387797957206579,0.03872295952825394,0.03866619250713979,0.03865912513584723,0.03863380800608533
3,obj14__5.png,0.040161315010435045,0.04004550201159312,0.04000749801159102,0.03991141964498069,0.039903063420341604,0.03989549544216966,0.039810332345158295,0.03977931834963401,0.03972096917651476,0.039610215666047645,0.039586238411996544
4,obj11__71.png,0.04187974319323801,0.041526922407398074,0.03889401649871892,0.03873060267922975,0.03840626486364137,0.038292134122686367,0.03824852477670772,0.03821987297395548,0.03806561000429316,0.03806059930594943,0.03802847730392011
5,obj15__12.png,0.04203032939719194,0.04193108011592044,0.041912302513410285,0.041866976018798165,0.041805469265331054,0.04177543498057757,0.04169398446099377,0.041668753091105876,0.04160830828378926,0.041578540559396755,0.04154514188604227
6,obj17__49.png,0.04017127780692886,0.04014204366952036,0.04013957023470866,0.040132084108215886,0.040103753240318174,0.040086898063425795,0.04006116998038015,0.04003467586755759,0.04001649222173985,0.039975646832734434,0.03997349268742266
7,obj13__65.png,0.043275371991234775,0.04314466794758535,0.03852538273546239,0.03822454372874913,0.03808725970919637,0.03764115147164998,0.0371237538214137,0.03705496211652382,0.03690823641949395,0.03662391406616854,0.036493366149929894
8,obj16__40.png,0.03993397300401454,0.039722729288634316,0.03911898789843095,0.03900634599749217,0.038883628194771945,0.03888272505465563,0.038788380563064766,0.038757183831900105,0.03874994514476664,0.03870626838833367,0.03867805454063572
9,obj5__51.png,0.03701528452780349,0.03681315237963035,0.03638128487282839,0.03550418249240785,0.03548382770813243,0.035440601089139066,0.03537337283071366,0.03536212335882809,0.03533322031755885,0.03525345230085451,0.03521098323004474
10,obj19__37.png,0.04087067888298334,0.04072660287118891,0.04059513518515028,0.04056894834383069,0.0405125730921033,0.04017123931425846,0.040158916280727,0.04014196362072087,0.04014034357898765,0.04002864566396964,0.040009268030970116
11,obj18__69.png,0.042462567853347434,0.042018705110380056,0.04191568153040965,0.04189731239120193,0.04189363502783973,0.041881461332921144,0.04151371948620327,0.04136554710244885,0.041206624523809326,0.04114096952625218,0.04109768334302597
12,obj12__16.png,0.04043185151237501,0.04010019228644027,0.03941987750427238,0.039325105986317915,0.03925744524265736,0.039241727451720824,0.039203161940420145,0.03919579542918659,0.0391860018104265,0.03918266083729238,0.03917252825945532
13,obj19__43.png,0.04106581351532768,0.04091401110675561,0.040479520999634505,0.040091353806673155,0.03996555620727095,0.03993498562141936,0.03987881143939143,0.0398773897749291,0.03979366606513868,0.03969884955002805,0.0394656693244734
14,obj9__2.png,0.03806909279272238,0.03781361979316136,0.03779747519547516,0.037544292926035415,0.037542769933378364,0.03750556036584631,0.03748115342802587,0.037449079129794394,0.037375513634473646,0.037255646102061724,0.03720744703142728
15,obj13__56.png,0.043287743869303646,0.043205434866255096,0.039746066533285954,0.038962988369255845,0.03850269801085006,0.03848145125519569,0.03841878795310319,0.03833628955000645,0.038330263914537616,0.03822917204869079,0.03815191863867419
16,obj19__70.png,0.04127014181931232,0.04107961809431603,0.040967779511136546,0.040866683253324265,0.04082193939672749,0.04049460509013603,0.04044996693723039,0.040434387728797365,0.04039468944798315,0.04037140174060986,0.04034284109802116
17,obj3__52.png,0.0369921363216168,0.03692140071118311,0.03679208878587753,0.036758439384303856,0.036650759565780885,0.03655712105719808,0.036376491573916606,0.036141515419845435,0.0360772793094853,0.036065099671821484,0.0360171309749842
18,obj4__14.png,0.04040867215142498,0.04020760784185215,0.039266955006922906,0.03877778464459374,0.03875986169772621,0.03838494664323663,0.03837908124525334,0.03832543422047131,0.03804391672041642,0.03788728912423694,0.03788224294307592
19,obj8__1.png,0.04026067683624342,0.04002512468739771,0.039920456583217134,0.039867561388132196,0.03986116951109492,0.039819666496437096,0.03975034820992484,0.03967539155026659,0.03960065013916298,0.039583610284955086,0.03957847003699714
20,obj12__43.png,0.04011867418711907,0.03998964809114541,0.039581138279889065,0.039529079213650835,0.03952142309648362,0.03948552648584289,0.039458412282580416,0.039437812003142086,0.03942505117531589,0.039418772033420466,0.03939181917785378
21,obj13__43.png,0.03987946158961349,0.03978960584439382,0.037781365545084475,0.03760536093399458,0.03751731517042017,0.03750276102437039,0.0374777447426828,0.03743478295116171,0.03743148139320097,0.03738223293776313,0.03734253922379596
22,obj19__11.png,0.04019595749693961,0.04011461143704779,0.0395611257233402,0.03950001015744869,0.039418083453095304,0.039271792744412164,0.039091534081792285,0.0388540383972809,0.03881950907459823,0.03875540069220339,0.03853715337291128
23,obj9__57.png,0.03610657605544309,0.035912151369359456,0.03573319250743748,0.035728193433699096,0.035615769381363405,0.03561428355293999,0.035602038425783036,0.03553443632745929,0.035513101380421845,0.03539983242632377,0.03529118040655164
24,obj9__46.png,0.03939375100201032,0.039319399052413016,0.03895400168030882,0.03854438417490623,0.03851932722971937,0.038518594507386796,0.03833767943150445,0.03826622803936655,0.037720797416171584,0.03769413658800105,0.03717889515419886
25,obj20__64.png,0.04063608901122506,0.04027680360502953,0.03995559642460086,0.039936972320002824,0.03993306877347124,0.0398472135988678,0.03981950930637728,0.039650658966693085,0.03954265890844829,0.039523971516284485,0.039421298467514736
26,obj11__8.png,0.0417450448269974,0.04108964041810781,0.038782732537190924,0.03860249869480186,0.038519947211552864,0.03842448915619435,0.03840431964044094,0.038403143051390844,0.03834988696944808,0.03832491773720011,0.03831424961202193
27,obj13__16.png,0.04207426198780008,0.04187615918551312,0.0394454683143699,0.03936985377586306,0.03935833912438999,0.039295359897214076,0.03923563230971002,0.03919877984287404,0.03913074246039508,0.039110506536717236,0.039039796523385954
28,obj4__50.png,0.0394503967860101,0.03942921281900033,0.03939680948457124,0.039370178603576084,0.03935159043128398,0.039300539490625085,0.039290603430801666,0.03926646368069207,0.039249023502100404,0.03923252377726951,0.039224737459728834
29,obj13__15.png,0.04272742881788498,0.04259303078974032,0.03949822662449147,0.03947409445107963,0.03947066773402588,0.03944754778826385,0.03941079684666545,0.03939382373267785,0.03925346035437833,0.03924418351329831,0.039237350318043714
30,obj10__37.png,0.03903829495544381,0.03898387932488857,0.03889071940846958,0.03886917030689111,0.03881090135515552,0.038709821361834734,0.038649772774126775,0.038645336537718955,0.03864398064877242,0.03857894094470897,0.03844746947820666
31,obj12__61.png,0.03932654958199958,0.03929086886661448,0.039216394149602096,0.03915261645529566,0.03912331418794241,0.03909245369782785,0.03906514343463377,0.039054265731792645,0.03903348089507408,0.03903167011682344,0.03901750460773503
32,obj4__25.png,0.04052999768060477,0.040487961329110665,0.04047969315590991,0.04035536835904646,0.040337021658873276,0.040259019695471625,0.040188479220224144,0.04018107516440249,0.03996000814919966,0.039921889630734265,0.03984231555913993
33,obj14__19.png,0.04060533775402569,0.040558968841172535,0.040545656829942496,0.04053125026141632,0.04051305376605357,0.04042749805007609,0.04039883521756577,0.04039779684239618,0.04038575721024632,0.0403380018833564,0.04024754013587666
34,obj4__54.png,0.03955925721177563,0.039478590001013614,0.03859346680758809,0.03857178039878725,0.03856018553295949,0.038525344879493946,0.03848418399866697,0.03847790398007905,0.03846370711831753,0.03846082514747204,0.03843275466426063
35,obj19__68.png,0.04112512594902471,0.04094436722225608,0.04071807303575424,0.04056038184253616,0.040495139070028226,0.04043873013205935,0.04038026053149543,0.04030996902261057,0.04028759379252491,0.04012464339997639,0.04008361893208081
36,obj5__41.png,0.04052346693606503,0.0403875645644329,0.040201589087246664,0.040199194502506634,0.04009337554408616,0.039836836600552275,0.03968603024331977,0.03947520319914176,0.0394575576891331,0.03936753965949669,0.03926787124044107
37,obj20__50.png,0.04079079658221357,0.04060899633541141,0.040474302440554756,0.04047125464780096,0.04038379486384892,0.04033215814618958,0.04032602806152563,0.03999628385200124,0.039957592063393825,0.03987797731317432,0.03981820677077383
38,obj11__40.png,0.04217365439403414,0.04191614731672898,0.03886970256567946,0.038714530745011806,0.03862496454022034,0.038577381727812714,0.03853585455121796,0.038433536474919455,0.03842149015054983,0.038345348496137015,0.038316729620114016
39,obj16__5.png,0.04006506595651726,0.03980908076175313,0.039219966319405566,0.03878173084573314,0.038410026199444655,0.03830405755158817,0.038241199991676314,0.038204996884672875,0.03817871945025009,0.03817110732272471,0.03814788735084532
40,obj10__12.png,0.04365117485427451,0.04341788588321073,0.041663822402447974,0.04095484071342979,0.04056968461127805,0.04028957332953743,0.040253001296496276,0.03924281057607891,0.038994494120930936,0.038946237926393755,0.03875783767764302
41,obj10__56.png,0.043790546796872845,0.04335790338253266,0.04242164727432584,0.041899550816230514,0.0417480553024117,0.04153345932674556,0.04094327900268143,0.04033988576116907,0.04017887424442969,0.03985382844758663,0.03983725100713874
42,obj13__66.png,0.04305027706235328,0.04292364350646197,0.0386107108598988,0.038464844431651796,0.038065964674875254,0.03777930324608563,0.03756039982149289,0.037352517876168154,0.037138593335590275,0.0371253310735459,0.03683268079311814
43,obj10__58.png,0.044135146316044926,0.04369651576008323,0.04221600447112903,0.042081021364469486,0.04174960145130948,0.04148927131002404,0.04042749832288032,0.04041390825465261,0.04013361929901017,0.03994582572657896,0.03979961831705763
44,obj4__37.png,0.04084456133438454,0.04076824248509827,0.040652986818272376,0.040565673804238055,0.04043414287892913,0.04030402966781178,0.0402404756396306,0.04022186807493558,0.04016833842219687,0.040103240929350616,0.0400538909125692
45,obj5__22.png,0.03837745670513882,0.038231799168448335,0.03812521657306011,0.037465240309845195,0.036390338256181334,0.03638280548193281,0.03621395703102592,0.036067960145942185,0.036010501094024545,0.035863631444179686,0.03563067390118166
46,obj13__42.png,0.04004409677803561,0.04003808738474857,0.037972909739395155,0.037781442278152805,0.03764531322667273,0.03762768783082889,0.03710718841341951,0.03692580422829399,0.03690059140771252,0.03689047078948481,0.03681283522429026
47,obj8__44.png,0.042944061607066625,0.04276991450713016,0.04164070657023727,0.04106379679768561,0.03988094467845396,0.039457864907337305,0.038949867429849454,0.03887650584422535,0.038561998397470286,0.03843654064956836,0.03825948212292198
48,obj1__29.png,0.03755043137546068,0.03742502299434276,0.03741507867932007,0.03741392316047604,0.03738955005387723,0.03735330206489451,0.03734532758328039,0.03731356083738156,0.03720273210361528,0.037130557676299865,0.03712268433130439
49,obj3__40.png,0.04091911985714887,0.04082345302803302,0.0407399029800566,0.04054691839503045,0.040505910605382806,0.0402723689218253,0.040109937767180824,0.0400499923300313,0.04001545408059693,0.03980080448159853,0.039793356135969314
50,obj5__1.png,0.039383929714094386,0.038638346221779064,0.03846211023999055,0.03845115274833104,0.038384341669553325,0.038324957975708125,0.038171903863420314,0.038160462160149865,0.038081085673312226,0.03806873049388147,0.03802957180664847
51,obj17__31.png,0.039908982071512854,0.039878705793801185,0.03982890492001523,0.03978977287790421,0.039759527658254926,0.03972856213805368,0.03968788942601219,0.03965729421646717,0.03962746995310561,0.039615533196697306,0.03961260608558552
52,obj20__53.png,0.04070836006353432,0.04055855678124696,0.040445324869351096,0.04031134966143058,0.04021073358383958,0.04019427830537552,0.040185036159997724,0.03997157102453001,0.03987871137829366,0.03983778309289517,0.03967632353611878
53,obj12__63.png,0.03927390805243796,0.03909017168281736,0.03893504661764802,0.03891686697792088,0.0389101321636282,0.03884838927640837,0.0388220017391261,0.038764301254135616,0.03876273936074827,0.03870940363126324,0.03865599137041602
54,obj12__24.png,0.04069468888525243,0.040460046987640406,0.03968485802491516,0.03959366481574102,0.03952912137006638,0.03951325520960326,0.03948980120905359,0.03944196470638564,0.03943864102403764,0.039414808415817085,0.039404928760977
55,obj19__24.png,0.04043575136570119,0.040331808946096004,0.03986075113377623,0.039758350061103294,0.03956695539781026,0.03906710175160418,0.039006945153204915,0.038961129680839715,0.038897953929205635,0.038767073260287895,0.03837551883576202
56,obj17__40.png,0.039990934963354256,0.039941051171429126,0.03993276205965107,0.03992873533294352,0.03991893905840344,0.03990884225097311,0.03986273007913559,0.039838601503490306,0.03982909618363062,0.039817870171429175,0.0397564478393386
57,obj4__41.png,0.04061176505283586,0.0406033380944501,0.040578091411227396,0.0404249286342983,0.04042007179305433,0.04036642020160957,0.040302895892225854,0.04023399100183287,0.04021122081035654,0.0401436829819755,0.04012217467825026
58,obj6__24.png,0.039890811129270815,0.039426338606754784,0.038928727017311204,0.038867268091042954,0.03861135592336253,0.03824713574471805,0.0380418432637549,0.037895294284746556,0.0378632469828652,0.037732405615702104,0.037601671630674544
59,obj14__33.png,0.04021849228992869,0.04014111487988978,0.04001860954558082,0.03994427142166089,0.03990008236402805,0.03986736749170027,0.03986441818977309,0.03984067402020523,0.03980960368506871,0.03980314132154376,0.03970785512244575
60,obj7__6.png,0.03829617849991686,0.038143393664778376,0.038121263709260146,0.03797858515735506,0.03781905178325862,0.03757966888155851,0.03754359123745162,0.03746602660629234,0.03746570525353245,0.037447970341431394,0.03743184011009678
61,obj7__61.png,0.037290796727147496,0.036969388469781185,0.036870379180462605,0.036749200518872226,0.03665188703555231,0.03659427699227171,0.03649031326955334,0.03648290422448318,0.036373771874317146,0.03625402712152986,0.03612412963970176
62,obj15__39.png,0.042047924145317675,0.04202776477437736,0.041925311924348556,0.04188990937052562,0.04182319815086989,0.041772422994985646,0.04172911015511755,0.04172710919464664,0.04166966442640387,0.04165437065128367,0.04153835030433474
63,obj2__14.png,0.0382404494361749,0.03811958028823372,0.03775342070658873,0.037183814605025886,0.037145367715931965,0.03701917518647956,0.03697910216901777,0.03690907665799273,0.03688255283954214,0.036843508145539876,0.036813813393298526
64,obj12__37.png,0.040914218185365774,0.0407177707194063,0.039452374564255994,0.03938247480150864,0.03937844593467051,0.03934839736942648,0.03932370779668436,0.03931880758829821,0.03929119191463768,0.039282469608477893,0.0392612867916142
65,obj19__26.png,0.040868000476254863,0.04084841033781941,0.04041690979038837,0.040370069406265266,0.03992095466200763,0.039789372198490366,0.03969223478319942,0.03968264456031175,0.039660554163366425,0.039414847025491764,0.039140355061503214
66,obj20__38.png,0.04030884544001235,0.04009836405175452,0.039954081117598995,0.039943670612685625,0.03988870349982168,0.03974096813656359,0.03965367936130948,0.039609751225036516,0.039564660504051136,0.03956038890437015,0.039260522447253414
67,obj17__57.png,0.04010293924090763,0.04005287580604626,0.04004444631578294,0.04004227975310943,0.04003488807819191,0.04001775075446329,0.039973595920414134,0.03996786942302727,0.03996137870629528,0.039914453264702415,0.039891664546205505
68,obj3__65.png,0.04097331653794903,0.040744401045093574,0.04049958902535607,0.03998789483309342,0.039956076979508086,0.0398017260456644,0.039596871088742984,0.03950655103246724,0.039434556472655015,0.03940997870193678,0.03940234316612914
69,obj12__22.png,0.04055970019230095,0.04027499120580007,0.03965071270713748,0.03954717327614445,0.039500652817448745,0.039449221646098,0.0394412306755362,0.039429399360175435,0.03940617070331568,0.03938389029949231,0.03933781535114673
70,obj14__4.png,0.04039723373146108,0.040362086218787195,0.04031758245989523,0.040240214930021036,0.04011515528350184,0.040113765577990554,0.04011246051599306,0.04010283367779371,0.03996063915561802,0.03986326945100609,0.039818118668226626
71,obj3__15.png,0.0383443542857822,0.037821543481186416,0.0377367762194782,0.03772804172062114,0.03749119489131432,0.03730764187809075,0.037243265855727216,0.03660289079869858,0.03647694926704096,0.03638123111028127,0.03631257273043636
72,obj7__17.png,0.038632380834451654,0.03860736209492341,0.03855669651073303,0.0384902216108834,0.038114671496528814,0.03781258003173901,0.0377833790128955,0.03771779221461759,0.037686856274033,0.037686238969277606,0.03752430734468722
73,obj8__50.png,0.041067955822360655,0.04106082496270439,0.04035678443148252,0.039925218920507655,0.039001467950888546,0.03857007632697929,0.03804844130647463,0.037654107411593384,0.0376143288863373,0.03755143127244886,0.03750315883326921
74,obj18__28.png,0.042493598580869374,0.0418538005912322,0.04146653869085699,0.041432954016826694,0.041301749114644334,0.04088861831885876,0.040864097279361966,0.040752296615173336,0.040739886747455205,0.040736153271663994,0.04064937854233247
75,obj1__34.png,0.036454255547625616,0.036434467634974176,0.036338268990516134,0.036123635536771635,0.03611849034271934,0.03608099886461438,0.03605936599882364,0.03602459198347201,0.0360140701893274,0.03596736180856921,0.035927658458192666
76,obj3__55.png,0.03643748703773875,0.036376094270697434,0.03630196328326135,0.036227652247361554,0.03621196684292869,0.03612535396940344,0.036124395177479736,0.03585127480344686,0.03567342028697212,0.03564497097010108,0.03559678020091314
77,obj15__68.png,0.04147399938608512,0.04137996763440091,0.041303626901643124,0.041295148108342575,0.0412796782383696,0.04121076434823393,0.04116984643798798,0.04103966581210073,0.04103749340724497,0.04093292835451296,0.04092149343645063
78,obj9__23.png,0.038377273428062214,0.038145532227835496,0.03802168141130301,0.03739739838308863,0.03594937867230338,0.035541676965239646,0.03545036826651301,0.03534369987651471,0.03524332865799544,0.03519937782342884,0.03518489415864054
79,obj6__12.png,0.038620168338815763,0.03853915111628067,0.038107847709525924,0.03794121298247544,0.0378130964601787,0.03771667923215322,0.0376736574701744,0.037663008116879254,0.03765847158850625,0.03761020180425543,0.03745866599359738
80,obj17__64.png,0.03991290211620663,0.03991172191448488,0.03990718019223116,0.0398916507007749,0.03988453710305204,0.039836768030253406,0.0398340007560313,0.03982064592486714,0.0398079951278888,0.039720180298094834,0.03971715960661426
81,obj4__20.png,0.03930568555792198,0.03922628163480423,0.039173761081871455,0.039160575798247034,0.03896539686496482,0.038958678302994786,0.03876551371868059,0.03875749804890676,0.03875098799547232,0.038700309923517674,0.03858503656904768
82,obj14__15.png,0.03926219979524749,0.03922183578010097,0.03911985178992944,0.03909679021323729,0.03907850237267127,0.03901038512599348,0.039008995212221224,0.03899741145982002,0.038997254083556775,0.038830259580506454,0.03878569027626489
83,obj7__50.png,0.0404054299754962,0.0400600215572221,0.03921557037466756,0.038933518711910746,0.03866993772757319,0.03862267277555705,0.03855647585095375,0.038504426244473616,0.038453969481823544,0.03837309098505467,0.03816285890895857
84,obj16__18.png,0.03982653505105768,0.039548887185081,0.03910999022096685,0.03899890718525396,0.03898702660844027,0.03898068662916802,0.03897853319407596,0.03894411598911648,0.03893101691570632,0.038905171717909824,0.03889900151612486
85,obj3__60.png,0.04024020727705997,0.040131600367108576,0.03965265431403318,0.03936671107430354,0.038946471006742096,0.038869797536571576,0.038364217326824754,0.03833020094281156,0.03817287471632536,0.03816354294455421,0.0381098295562963
86,obj1__47.png,0.040247444599009606,0.04011063421659597,0.04007147143705268,0.03999722672644556,0.03984494938145236,0.03981030834692693,0.03967339086613062,0.03964518616369772,0.03963954116005653,0.03951133060670014,0.03950751482797709
87,obj11__16.png,0.04423573037444995,0.043726364890725955,0.04304001442207514,0.042419636357014665,0.04140318757638252,0.041026458531960325,0.0402053155288261,0.04016993816063489,0.03989883193382198,0.03961066439627993,0.03931385535814724
88,obj6__34.png,0.039951570263384695,0.039900289620182224,0.03985345680387818,0.03979630235530694,0.03971325230203558,0.039534651194183874,0.039490007417664875,0.03948201118578131,0.039432187136580615,0.039344144168349485,0.03932424554303395
89,obj2__43.png,0.037177852017492276,0.03705624564412983,0.036865363357824935,0.03586084502443852,0.0355290143778959,0.0352757726732033,0.03519626229599666,0.03518390386982319,0.03504390571702108,0.03504333962573212,0.03503307810653897
90,obj1__8.png,0.03804003375069781,0.03796989816848711,0.03795542343798643,0.03788926281710718,0.03785083293198367,0.03784171157156274,0.03781326582163345,0.03780555696202021,0.03779891635974315,0.037782427432566386,0.037753865608957535
91,obj7__45.png,0.037752943885682615,0.037573789567026734,0.03751534965090837,0.037391063475548346,0.03734396697403729,0.03710427148365363,0.037081905045389864,0.03698393640566022,0.03697645457264532,0.036875416571507065,0.036833018827580714
92,obj16__51.png,0.03947072078165986,0.03927142594957421,0.03911700148661246,0.039007467152846774,0.03899055158790467,0.03889530541214767,0.03887538345840162,0.03886656097234872,0.038798723809678054,0.03879477350845924,0.038688281894791454
93,obj14__58.png,0.04067252649939944,0.04052354658919853,0.040473184208557486,0.04047277910571559,0.04043767684137421,0.04033880109233184,0.040333735352184874,0.040311947075826186,0.040274473964607545,0.04023348975853064,0.04013251714208506
94,obj7__67.png,0.03672564331511118,0.03671621672200503,0.036560569124194704,0.03652971947243206,0.03640304976016229,0.036208653401836384,0.03573177792936297,0.03565182227275283,0.03552328635174272,0.03546145620117304,0.03542750189046577
95,obj8__29.png,0.043190738035720475,0.04279132123717213,0.04175317914804892,0.0412523460511188,0.03901421122367735,0.03894546917922461,0.038831554019311376,0.038614448657974976,0.03860982659937067,0.03840820991156711,0.038405532499116796
96,obj13__58.png,0.04229649988683392,0.04218105237031838,0.03845708883164472,0.038377525182677036,0.03833066006086648,0.03825883211125122,0.03824275638266467,0.03821014677670729,0.038099256680329936,0.037968889735155095,0.03792943019361729
97,obj3__39.png,0.040912936386475265,0.0408381272135967,0.040595519767634904,0.04040990808301467,0.04038115790771934,0.04036449794100246,0.04015577801506946,0.04011969562301747,0.0400479792423411,0.03992307876375351,0.03965300853587155
98,obj8__48.png,0.04185006988211733,0.04181136082257157,0.04082194251384412,0.04038488406173097,0.03952050671871772,0.03912243021279532,0.038512321630126675,0.03832918674996126,0.038241076502716236,0.03795602416575823,0.037724700872774006
99,obj3__26.png,0.04120544506907148,0.04112669280220697,0.04064547736822831,0.04061857608012517,0.04054345947821709,0.040393054115006086,0.04037642730054769,0.04015817700364098,0.04012271618609878,0.04004518661954206,0.0400422389796658
100,obj15__69.png,0.04153230826056608,0.04144142683370141,0.04135772614370317,0.04134696690636491,0.04133978427106453,0.04127008041511895,0.04121890865631195,0.041100744669666046,0.04109486425475135,0.04099141169243629,0.04096163278269621
101,obj6__37.png,0.04005211799586332,0.040002946887849895,0.039987653991318484,0.039853349048136165,0.03972763858344462,0.039542235349568126,0.039480215232707054,0.039439093674621825,0.039423863578603106,0.03939149134322264,0.03935684471852426
102,obj7__47.png,0.03885294168462821,0.038528180560649064,0.038009749613076835,0.03793177705220315,0.037825766183013795,0.037699711611948246,0.03766039368532266,0.03737147148816776,0.03731791972561288,0.03712338773343691,0.037023690935831494
103,obj13__49.png,0.04185568760440577,0.041693393484083956,0.039376810018961025,0.03934737722694009,0.03930975854347561,0.039238113092908505,0.03922066429013754,0.039071621774230944,0.03900747334341052,0.038988600451618144,0.038900152752089835
104,obj20__58.png,0.04056136401951203,0.04044445644527821,0.040385321189345236,0.040267597476084244,0.039969135309515534,0.03994157510008256,0.039924397001592254,0.039846358142153385,0.03978000163705261,0.03977910321621554,0.03968417419934448
105,obj2__9.png,0.0367058760159046,0.03661091090043527,0.036522241547947226,0.036301103504567014,0.03629389221126068,0.03620392251138897,0.03613820596423865,0.0361138781145369,0.03606640002600754,0.03602899283830848,0.03595423388680078
106,obj8__10.png,0.042168805760430826,0.04195157395916235,0.04082933102930864,0.04032561079858276,0.03921058730280444,0.039206719215342224,0.039196367742818296,0.03919306392501238,0.039119149097685886,0.03910849664237336,0.03910845574714663
107,obj9__68.png,0.03861994113374039,0.03859836232213722,0.03839372279823687,0.038379900518663836,0.0383772482618406,0.03835855193911762,0.03832538821280128,0.03832350568390041,0.038199941881732875,0.03816999480879949,0.03815206159851457
108,obj11__20.png,0.04518150335282953,0.044903422290831205,0.04369158505300463,0.0431264090570998,0.04128745599485441,0.04086483081816876,0.04048256347306169,0.04019702201391385,0.03985631702435068,0.0397098179576878,0.03954092263308927
109,obj17__17.png,0.039857269687082086,0.039856145214614176,0.03976427460799138,0.039738995125251746,0.03968751371456759,0.0396575036540414,0.03963998353716231,0.03957637862551135,0.039572740362137454,0.03956938774681658,0.039562455850034026
110,obj4__65.png,0.03933143694320074,0.03893618427905577,0.038920403574102626,0.03888884977278528,0.03879624256100746,0.038753126696964894,0.03869119089813151,0.03867191828829568,0.03854073811561876,0.038509776837398715,0.038436718619957275
111,obj12__9.png,0.04002079103115059,0.039672452745599225,0.03866132555371187,0.03861892628742326,0.03856688911682707,0.038545216704973656,0.03851286674558973,0.038442413712099804,0.038396044805611096,0.03832667631828078,0.03831653045749061
112,obj2__8.png,0.03649268248891423,0.03633170865042995,0.03621330892532311,0.035995193580939944,0.03596858672052783,0.03591169013054514,0.035863401905020124,0.03582908865612086,0.03582154408227411,0.035806722785577824,0.03575555036446623
113,obj16__58.png,0.03933062374717569,0.039099273190648,0.03904255522682484,0.03893925957775334,0.03893033335878136,0.03891279617434546,0.038899055367659835,0.03885891642268853,0.03885051497127564,0.03881599740016122,0.03876295480216493
114,obj3__53.png,0.03728753504591772,0.03720641359225592,0.03705463182675566,0.036914941104560624,0.036857975063227605,0.03655742933599805,0.03644906879459145,0.03632183601288794,0.036283672819484684,0.03611226588373121,0.03603425830177384
115,obj7__10.png,0.038172985641195825,0.037953762858678144,0.037519381703765585,0.037475045995826135,0.03740285711342074,0.03729224150359288,0.03706519458180955,0.03675459530129099,0.036741236297499195,0.03669973022999162,0.036684148066119124
116,obj10__13.png,0.04347942626843575,0.04322705077704891,0.04194683112534766,0.04119708183703431,0.04078110835126322,0.040522503911409415,0.040252120826585656,0.039786194548126354,0.03947206341272634,0.03895362080119447,0.038796183128472175
117,obj4__8.png,0.041044835278810664,0.04091266534930636,0.03812665571519493,0.03800805691737179,0.037959582332646735,0.037956090357851135,0.03795097335044734,0.03793392363579177,0.037868462664294916,0.037857278693960515,0.03783249547376348
118,obj17__1.png,0.03965339101525444,0.039644184940948936,0.039614095105325584,0.03959318746071303,0.039552760050123335,0.039545634327809324,0.039516899292827846,0.03951384154441374,0.039510341134547745,0.039509201836518786,0.03948763044217587
119,obj20__14.png,0.0403674323311529,0.040338868463881884,0.039932165201238094,0.03974072995267026,0.0397174905685874,0.03968895054407116,0.03950755724392521,0.039501670763322075,0.039447358607539854,0.03934122770654922,0.039321285063891646
120,obj5__69.png,0.03919302850485752,0.039087585482523966,0.039042148792937166,0.0386462412778614,0.03848477969435635,0.038244735275520934,0.03818997573530192,0.0381674085017723,0.03813997602291961,0.03808554778786266,0.03801738617578075
121,obj12__12.png,0.04049894790612253,0.04016539215377993,0.03906283777902346,0.03904083626611575,0.038951969685531475,0.03893777971010358,0.03889993954611922,0.038881833574240895,0.03880811267966575,0.038788331226314844,0.038770425239735846
122,obj15__10.png,0.04180643990228902,0.04170425562710282,0.04169091722260331,0.04165307575462985,0.04159138336395464,0.0415471591333311,0.04148286486461696,0.04143694436564561,0.041407990732343185,0.04138116439248892,0.04133844170217032
123,obj5__34.png,0.03973018327503966,0.03966767781939194,0.03949168252533538,0.039332509623393686,0.039111772577225035,0.039086664855363176,0.03904932183438892,0.03898319456330298,0.03897766684262599,0.038941199504085366,0.038934724839276534
124,obj19__14.png,0.038510304859949336,0.0383666150004244,0.03827629293159915,0.037942289735540896,0.03690808922302539,0.036540327091511816,0.03643731871805183,0.03641505645247165,0.0361838817072105,0.03612357388247008,0.036074989500779545
125,obj10__5.png,0.04032109088671319,0.040086654971900254,0.038453644177750324,0.038108719517520484,0.0372024979787926,0.037150609573898166,0.03710094065402753,0.037072041115132986,0.03706448726174774,0.036862387268097756,0.03681802711000635
126,obj1__42.png,0.03706878566196367,0.03690321609655811,0.03675355081467941,0.03648970798163773,0.036437452772107935,0.03641657049912895,0.03622231409299042,0.036199782860787934,0.03617303577559428,0.03614121792096242,0.03610134512219558
127,obj8__38.png,0.04193055161547161,0.04184750950322372,0.0417035058582731,0.041390522809837044,0.03839179651520231,0.03836928520596168,0.0383647824876049,0.03820338093955527,0.03815487457291181,0.03801269744440185,0.037820075208364064
128,obj10__59.png,0.04428280891303124,0.04385215746162168,0.04189664450495396,0.04179557915198024,0.041506511914364164,0.04113773602005398,0.04020400571618201,0.03992428090912237,0.03969188637924966,0.03957837309497147,0.03948413158562426
129,obj8__25.png,0.04241679353086978,0.04191065871886266,0.0407599163168545,0.04020595474434155,0.03834381764208905,0.038281249975529286,0.03816288844197508,0.038115225433588314,0.03798814196393106,0.03797381485797979,0.03796867047563462
130,obj18__20.png,0.042153524919096665,0.04192152204179907,0.041542127619980926,0.04130038116388104,0.041289684628212045,0.041249710138895425,0.041163047513389256,0.041032611742397175,0.0409590303924059,0.04088246628939413,0.04079217168268672
131,obj7__11.png,0.038418603401976704,0.03824481651552125,0.03787308736357616,0.03782950098346009,0.037739920571608646,0.03771110203262602,0.03745441521180167,0.037410988184725595,0.03730322328918642,0.03716124560904623,0.03703874980881611
132,obj8__8.png,0.04217390611377705,0.04192445591505042,0.04058042039622344,0.040017431928205026,0.039743311974720336,0.03974023333762759,0.039726439172980396,0.03972570819504283,0.03971004254149488,0.03968741677599343,0.03966788769627212
133,obj14__27.png,0.03923913034578856,0.03910154016024828,0.03899498435523811,0.03899342456086503,0.03891220736554889,0.038806956139173183,0.03879198744705703,0.03878680960562838,0.038760838762889584,0.03874436972508489,0.03873590702013919
134,obj20__37.png,0.04022596740600755,0.04002004649258711,0.03980801063497601,0.03980320145765297,0.0397990968972034,0.03970863095931557,0.0395968272880509,0.03956103352419474,0.039495706450346835,0.03947779581248878,0.03916786821449017
135,obj12__7.png,0.04001453640869809,0.03967883650823219,0.0383404460654953,0.03830682244536698,0.038297775413311134,0.038275237761942506,0.03824032804773977,0.038224200075367656,0.038221856141263916,0.03821258926509368,0.03816344979090284
136,obj16__53.png,0.03953010118837411,0.039324819440838196,0.03904170309997601,0.03894904859591978,0.03890419259069988,0.03881998911848306,0.03881809217187379,0.038802477500984874,0.03875345425126762,0.03873094402000092,0.038605995445827296
137,obj2__69.png,0.03761248976276691,0.03757833871724555,0.037046559391560395,0.03690304237403459,0.0368097006635209,0.03672839883866268,0.036661058306452984,0.0365993503295467,0.036426223937718834,0.03641055627364596,0.03639909041280328
138,obj4__64.png,0.03972793496672566,0.03920845140530711,0.03866842098743438,0.03865290323206729,0.03864395856799013,0.03849100626144469,0.03845816999584466,0.03845791535150956,0.038423780295036195,0.03841127171936485,0.03836402383115559
139,obj3__30.png,0.04096975660054487,0.04085116763804199,0.04053897756966166,0.04053805418491059,0.04038119594200256,0.04035409552887172,0.0403020158373181,0.04019907544816591,0.04019657616414983,0.040195421196255084,0.040053751769252285
140,obj7__20.png,0.03916916427643458,0.038716918280713705,0.038209235819355765,0.03807290717778999,0.03806196041131424,0.03796150517500209,0.03794257379335696,0.03780201873319113,0.03762637806898591,0.03732259309282449,0.037226767673942715
141,obj9__12.png,0.039253366579608026,0.03904006850751381,0.03901089586054134,0.03862132154269142,0.0374913715411324,0.03690075563275916,0.0368249681098654,0.03648095750344486,0.03632492233223732,0.03609455110716583,0.035784775644755934
142,obj11__41.png,0.04236565376382629,0.04201131390311475,0.03897134259775068,0.03877046919946176,0.038662972572391575,0.038541379977978234,0.03847124280786985,0.03841809451722938,0.03835217262559096,0.038339858645616995,0.038307106522070845
143,obj1__70.png,0.03652295423550408,0.036374268113829586,0.03626261271727145,0.03620001005721643,0.036143771728554215,0.03611624220293685,0.035987670476810354,0.03598160777372198,0.035965119250663945,0.03591094122635042,0.035900794521091794
144,obj13__22.png,0.043609829991699024,0.04339242806742064,0.04007110359635524,0.039213005757385164,0.03868694908801792,0.03862970187628092,0.03860964231606237,0.038350487288303176,0.038246072909570196,0.03823899444144456,0.0381790157973273
145,obj5__17.png,0.03728015872956309,0.037259468083881954,0.0372225761675381,0.03719632184689997,0.03716357072071862,0.03714653129477972,0.03711372210701649,0.037064592153404144,0.037047343703526234,0.037019405997035945,0.036900314811841375
146,obj17__8.png,0.03970108070970795,0.03967042022623457,0.039565856290260715,0.03955203817305322,0.03950054103552867,0.039471236372636526,0.03947092252792791,0.0394674354812716,0.03943873827451313,0.039428635714344,0.039423749552293996
147,obj18__5.png,0.04203642013932075,0.04199049196812909,0.04186195904250204,0.041490727536702465,0.041348747920629945,0.04131818924885325,0.04108661594925653,0.04094829072473718,0.04088707461815004,0.04087177230641895,0.04058249084487749
148,obj14__43.png,0.03951470948006994,0.039379628116792444,0.03936829246556959,0.03925867191402717,0.03923706349144448,0.039133575189932324,0.039116421652421254,0.03911157609407553,0.03908685440263997,0.03892017796051874,0.03883872834674572
149,obj15__44.png,0.04184919943586533,0.04184571922542556,0.041751585164596684,0.041706885531080366,0.04169635988206372,0.041568832682845766,0.04155454918473441,0.04150590569714263,0.041476471728644264,0.04147440713980577,0.041413986072320295
150,obj6__20.png,0.03579804412490509,0.03560932511546506,0.03556253664266141,0.03536186745684287,0.03528329023975381,0.03524008038801128,0.03513269745771611,0.03507012623811018,0.03504947605483516,0.03489381000718948,0.03488338724527158
151,obj9__67.png,0.03865574865223256,0.03857582630831461,0.03855418283058807,0.038477853357064974,0.03846170795296472,0.038448513660457796,0.03841226378953146,0.038398109550409655,0.03839310013013885,0.03833113183641675,0.038329966471925
152,obj5__27.png,0.041146286787526104,0.04068909442041354,0.040489268101173544,0.04004834310221472,0.04002175984482064,0.03929476983540168,0.039165458498560374,0.03913906814384231,0.03903066368839351,0.03890900911489388,0.038902711028376356
153,obj1__64.png,0.03666261722264777,0.03662300403043867,0.03658737354788033,0.03655122807098652,0.036539406776141405,0.03647906601622136,0.03647514664385204,0.03646772828892759,0.03644054969427447,0.03642968916979736,0.0364011355753007
154,obj9__20.png,0.03636368366457915,0.036197058147260035,0.036062103117848125,0.03604318448477714,0.03602878263100189,0.036021756460068256,0.0360043222273405,0.03599193859645254,0.035925925907388766,0.035916204656279115,0.035850493704389176
155,obj17__43.png,0.04012850902125729,0.04007495462318934,0.04007112320695435,0.040061153922657085,0.04005001147737138,0.04004323169861792,0.03999433170656646,0.03998362247421252,0.039967473582222406,0.03995078213363626,0.03991169875642384
156,obj10__33.png,0.038386620208280584,0.038366455249893225,0.03836331501765447,0.03833539414719117,0.038279581186972014,0.038185120567890286,0.0381441019757496,0.0381174849261536,0.037969017308801485,0.03789728192057276,0.03789319175837276
157,obj15__7.png,0.041566416582226366,0.04146370251586308,0.04141607928128976,0.04139088505480484,0.04132399728436505,0.04129612002218695,0.041232015538838006,0.04120668034003604,0.041124983963307236,0.041074838765633226,0.04106601682313747
158,obj16__33.png,0.0399409576808771,0.0396708646544106,0.03917061772379251,0.039038074195904264,0.03891623125955984,0.03890706661234285,0.03882115021651337,0.03881496932301434,0.038805243923139304,0.038781495297170836,0.03873017214917629
159,obj16__70.png,0.04010283189236363,0.03985591955604669,0.03916975929835055,0.03879420664637469,0.03817833246910388,0.03812243465573653,0.03811231923462004,0.038077374257060356,0.03805406838539827,0.03804796272250739,0.03799393003394762
160,obj19__30.png,0.041160955257339475,0.04092606215712613,0.04081113007295254,0.0407174462078354,0.04024875526771605,0.04015586892608225,0.040133358295727756,0.04012936480877497,0.0401188032454299,0.040066094986924594,0.03995066091276017
161,obj17__53.png,0.04005415765763491,0.040039415129835304,0.040035383656815464,0.04003268514620835,0.040002290408261115,0.03997640572705846,0.0399564225963508,0.039944380635138804,0.03990620720864171,0.03987220924955236,0.03985258713278133
162,obj18__15.png,0.04143481047928972,0.04110108280984033,0.040800246060961776,0.040756999563319976,0.040724249524380356,0.04055239185628014,0.04049271138698514,0.040375745991444494,0.04012177775707745,0.04006451503942697,0.039900830189842626
163,obj12__45.png,0.040030042535202266,0.03989979386643652,0.03961739308315184,0.039585084932444774,0.03956461060970152,0.03952887493658952,0.039516826518160277,0.03950644436785415,0.039477487188851655,0.039464605323993936,0.039461338639988866
164,obj14__18.png,0.040075689832863914,0.04003530735101155,0.04000025679310206,0.03994346534257563,0.039934570200120735,0.03993177255368687,0.03993128793933138,0.03990522593573146,0.039811261693369134,0.0397891591469752,0.039781813422265035
165,obj2__37.png,0.036977465706938696,0.03687939445105929,0.0368658435839164,0.036735409744353575,0.03669703073272518,0.0366594233644587,0.036466554996513044,0.03627381867138683,0.03625843684754207,0.036212500635931934,0.03604875627082463
166,obj16__19.png,0.039957307961057655,0.0396894459781066,0.0390221516513927,0.03899828092853888,0.038901961052338986,0.038894824143201195,0.03888930253854937,0.03887385214275426,0.03885379948084825,0.03879732205574118,0.038790686266576876
167,obj6__5.png,0.04088271268723155,0.04065692963763725,0.04051779506122261,0.040145415350583497,0.039764243842512266,0.03972450995179755,0.03960462957795446,0.039528827519736215,0.03951186140529408,0.039267176315585094,0.039265650739989555
168,obj6__35.png,0.0400248125989889,0.03998258493137607,0.039966935611868176,0.03993484752572138,0.039685953978495205,0.039657623256068995,0.039494777135960606,0.03945838497249362,0.0394322159759386,0.03943196185285262,0.039393680647271216
169,obj8__40.png,0.04242096324430122,0.04225664045997775,0.04185215502255641,0.04128591569518449,0.039203260270355644,0.038577570902538424,0.038559374753860044,0.03841587448653465,0.03826569485184306,0.03817054477238589,0.03815461816412145
170,obj5__20.png,0.03650335501789981,0.036313755337245124,0.03628547062146428,0.036283749565337226,0.03605706889256033,0.035967158502865165,0.035857549730752274,0.035819288917105174,0.035806356390040026,0.03579909624524576,0.03577076205381687
171,obj10__26.png,0.04194108698700758,0.04168025461760836,0.03976600398183499,0.03936851691114346,0.039052897887566135,0.03849321760297234,0.03783182823155194,0.03778303674766828,0.03755975865074105,0.037374517391507836,0.03721695891841899
172,obj19__45.png,0.04064221939021882,0.0404667629764824,0.03993435326656027,0.03955740645325628,0.039528083598882616,0.039453896537999654,0.03942970967300457,0.03916527688235474,0.03886115489664639,0.03883953147505033,0.038721316793632804
173,obj8__14.png,0.04118127672417354,0.04094447596998319,0.04046666953449385,0.03995864202041514,0.038184086182807,0.03818332233148216,0.0381063077438853,0.03805328535869169,0.03805071465191333,0.03804833901769919,0.03802027093302845
174,obj14__22.png,0.040683506856871596,0.0405115310327254,0.04050807618128978,0.040473997996549584,0.04045609460131561,0.04042648589490658,0.0404027102648804,0.040390116773532124,0.040381187310763296,0.04030457183940455,0.04026503154902431
175,obj9__47.png,0.03934896374613313,0.03931704394571505,0.039034074256599764,0.03851687256025201,0.038220416032905206,0.03776565234498464,0.037763011162196214,0.0376760780465194,0.036987918715468054,0.03691297218054377,0.03666040373353614
176,obj8__4.png,0.040934216147430744,0.040637206953027076,0.0402426933316425,0.040207880520281,0.040190127330396314,0.040073999691032904,0.040036528712602236,0.04000429963950299,0.04000072122865804,0.03984397133119506,0.039769520015931877
177,obj7__37.png,0.03842597248413984,0.03834557566829779,0.038344004544852144,0.03830048415629013,0.03823262183240492,0.03816973450831408,0.03808454010647248,0.03805440585032165,0.03804405533652851,0.03797799302619994,0.03796069877254123
178,obj16__65.png,0.039767929586771535,0.039463690497168136,0.03873458919692687,0.03855017722759782,0.03845822457819555,0.03844953830059725,0.03842671767934117,0.038418345806887105,0.0384139722614482,0.038367930940950846,0.038367088103345076
179,obj10__25.png,0.042588286186277954,0.04215882847168327,0.04045361452429732,0.04000780586527624,0.039753266959850105,0.03922942708819295,0.03843723653959043,0.03841608211955369,0.0379942344488444,0.037868832494608234,0.03785065354306774
180,obj16__16.png,0.03981586536841325,0.039544264361058644,0.03905054767783209,0.0389644244766694,0.038894096943094,0.03889330222824352,0.03889189736309077,0.038867823469817014,0.0388663705175902,0.03877059957496863,0.03876346974538812
181,obj4__69.png,0.03897938768514892,0.038975723078387856,0.038896308586609224,0.03884485711962786,0.03877746259777252,0.038633951373775136,0.03855030854963037,0.03854826817569776,0.038494307144141544,0.0384647346589932,0.038436969473225994
182,obj10__57.png,0.04400476185747321,0.04354863759086813,0.04243396476539013,0.04194054828014161,0.04172378938180736,0.04157795836487856,0.04086682374751999,0.04026768157877258,0.04023905100292772,0.039810067166834086,0.03979543068534043
183,obj4__46.png,0.03986263697678591,0.03983737653071032,0.039836357939048175,0.03980235330122457,0.039739510159124726,0.039737705326830845,0.03972596339681008,0.03972394887992153,0.039720882027778494,0.03969045861953556,0.03967630469316862
184,obj18__31.png,0.04290685089242844,0.042243981241631604,0.04175216719018734,0.04159758285912096,0.041439035248819485,0.041213958049789494,0.04115225317551283,0.04104445219475431,0.04104076302147325,0.04102592351557757,0.04097329635959988
185,obj10__51.png,0.04333141414999478,0.043191086318679905,0.042146421080134534,0.041713448303518814,0.04144341531748939,0.040512774085917934,0.04050457104359392,0.040425739013466556,0.04021436430092842,0.03932007279651171,0.03906167109014648
186,obj3__63.png,0.04079300485320522,0.040783141576545265,0.04028946632225633,0.039830581505544436,0.039768865187965595,0.03958463109154027,0.03931856518203261,0.03920643984667817,0.03919691540657736,0.039165539875145816,0.03916077076899911
187,obj17__9.png,0.0397103684941475,0.03968212731002259,0.03957908456444254,0.03956346417046246,0.0395108756175204,0.039489402342481016,0.03944801249856361,0.039442844251883366,0.039435866372894,0.0394345027048905,0.03941958467069757
188,obj17__54.png,0.04005322334801772,0.04003182724359482,0.04002454903024299,0.04001960973243257,0.04000056885661842,0.039974165512361375,0.03994392266939902,0.03994117808839499,0.03990850548153058,0.03987180824503143,0.039861290694567356
189,obj1__32.png,0.03675201553398645,0.03666657752036747,0.036602479312142555,0.03658743601890307,0.03656604360975455,0.03656103191844933,0.036483317880318424,0.036475100812459825,0.03641060629063841,0.03636524760093483,0.03635624160370746
190,obj9__38.png,0.03832162509376829,0.038066462789095534,0.037961339236687354,0.03781908461977143,0.037736071136219906,0.03758588278082169,0.037575408290021685,0.03742941966312211,0.0374234399465534,0.03729066296310368,0.037281065913370943
191,obj15__55.png,0.042034004853470815,0.042017187869619714,0.041973177641793404,0.04193344178349382,0.04185530251811652,0.041809569665738004,0.041776823619845305,0.04165019209959346,0.041642709848027634,0.041581549702844285,0.04152768106467053
192,obj9__10.png,0.039703869240464075,0.039645830863255314,0.039316594084822874,0.03883615191340874,0.03877801391117426,0.03865743930848944,0.0386170143469702,0.03848504684629063,0.037815449644597224,0.03779116797254076,0.03723844298006365
193,obj15__23.png,0.04205359471584131,0.04199433310795497,0.041940023074138584,0.04181840219949111,0.041806716391371304,0.041778111967750046,0.041759590206885557,0.04172311359065488,0.04166313428763235,0.041607266742688345,0.041597862118200095
194,obj2__60.png,0.03732716090370128,0.03684096245823368,0.036661081216917496,0.03613390254794814,0.03606569474511798,0.03601755424690769,0.035996470471994946,0.0359090222378519,0.035897187579907015,0.035786365845538376,0.03571725094258916
195,obj16__62.png,0.039740191963115776,0.03945187633986901,0.03871179123467617,0.03866945177563709,0.03858481700467416,0.03856689372711957,0.0385570360853273,0.03855105306907248,0.038532378992674254,0.03853115250159266,0.038467643553742284
196,obj11__70.png,0.04154738283797102,0.04124269669834522,0.03888647382705034,0.03849220229856708,0.038472561619738284,0.038375331941102354,0.038196779117867244,0.03811886481044155,0.03807778398093218,0.03806652935963219,0.03801496910335653
197,obj20__68.png,0.04037867298681146,0.04009132927676581,0.0397545621986565,0.03973017511301298,0.03965662240886562,0.039651995272572925,0.03963418034454453,0.039473397278986314,0.03943340653863471,0.03942581064702068,0.03934771035283422
198,obj4__39.png,0.0407110182757947,0.040676536185366916,0.040595183982574855,0.04039623891673256,0.04038410872515729,0.04032788832729138,0.04026591586396168,0.04019879906625996,0.04013293719465109,0.04010548723544498,0.04000584421974937
199,obj20__44.png,0.04072036605448027,0.040575727563665474,0.04050754043546929,0.040414465156193256,0.04027074417083742,0.04021470452293447,0.04017773137522545,0.03992199911237979,0.03986880472721732,0.03986345154396208,0.03975124636863629
200,obj15__1.png,0.04147450396443822,0.04137376293373407,0.04131744408829977,0.04130612717193322,0.04125255557307542,0.04119806648189895,0.04117921094991727,0.04110098357980242,0.04101801351069236,0.04100349612032924,0.04097462239610591
201,obj10__44.png,0.041724464359463136,0.041679275306860476,0.03875861315461169,0.03827025629380311,0.03825831825966507,0.03819890159432016,0.03817568011516245,0.038041602776591445,0.03799010892908918,0.03793383925985831,0.03781779145961685
202,obj14__35.png,0.03996924702460517,0.03994043203333391,0.03989398890547386,0.039859959422639465,0.03983275081380222,0.039822727452661404,0.039812278552740464,0.0397925135131738,0.03975541220042358,0.0396950250695192,0.03969459731303707
203,obj17__22.png,0.03994638989469637,0.03994008320421369,0.039817960636669196,0.03981705760051064,0.03975705948063133,0.03974234235389827,0.039688047425913496,0.03963396977320328,0.03960840082666843,0.03959162509747522,0.03957477226320325
204,obj2__6.png,0.03629086296104321,0.036251474676814284,0.03614670040768502,0.035939513009624925,0.03580866908519456,0.03567301075198871,0.03565396839928997,0.03555792650178727,0.03554462027383059,0.0353597215680103,0.03531117421529037
205,obj10__10.png,0.04322214610855137,0.043038661408578545,0.040670099240113944,0.04042343713937807,0.04008720883063752,0.03995259499347832,0.039467544116166334,0.03886320656243146,0.03858660958944097,0.038555534811765775,0.03844523811767474
206,obj10__1.png,0.03840925888339106,0.038348463799964205,0.03691460170701769,0.03658780422851836,0.03655908841361488,0.03651384659483981,0.036223600730151934,0.03617206972536133,0.036168713579836774,0.036161634558250444,0.03606018527326177
207,obj18__39.png,0.042458266140005425,0.04194999216562053,0.04185846358621338,0.041812194969617925,0.04175108564734005,0.04166900673927055,0.04130367336385081,0.04130186418140755,0.041175422681221395,0.041080184144737256,0.04107122756367683
208,obj4__24.png,0.04047941342600176,0.04044294351511961,0.040433063546092475,0.040299633059993414,0.04028472797669519,0.04016933420546082,0.04011593387736312,0.04007087811092474,0.03985845245174524,0.03981090654314343,0.03978433404308108
209,obj3__43.png,0.04040545790201527,0.04033677569247983,0.04027381705602136,0.04012541288339127,0.04007613128309714,0.03978325584080991,0.03946121766370923,0.03942375648219656,0.03940401676669641,0.039316151850862624,0.03928854397482791
210,obj12__52.png,0.04006208002448217,0.039989443090847315,0.039915547909969415,0.03986522027346218,0.039861312107547425,0.03983722959565974,0.039832165726659645,0.039820967123673195,0.039815279978042045,0.039783416631388714,0.039764314012776074
211,obj15__65.png,0.04181308245000493,0.04173609682459712,0.04165042941143629,0.04164943068669111,0.04163019044893999,0.04158764831047504,0.04150934239411145,0.041430574137744314,0.041378597178054484,0.041272054453573404,0.04125859045849258
212,obj18__21.png,0.04143491538414688,0.041290378179812785,0.041214961734437755,0.04060417761838063,0.04059350855171138,0.04054894870934738,0.04044823376550042,0.040361868266133985,0.04025623371705923,0.040235612605642034,0.04008358637894749
213,obj17__37.png,0.03998261328376318,0.03996033804262528,0.039944471993239805,0.039916929020600206,0.03991243151461059,0.03989849542875488,0.03988734577746423,0.03985764891276885,0.039822240827432714,0.03981379435175574,0.03974364615545364
214,obj10__61.png,0.04378595878377216,0.043448325359323234,0.04109848283268233,0.04081700930825572,0.04076820384565586,0.03988730679176947,0.03958570697681606,0.03928222489560213,0.039157879075087706,0.03886943700478792,0.03879886722707526
215,obj6__52.png,0.0354674288740893,0.03539609688229539,0.035301169951157556,0.03524890960749223,0.035196293501216065,0.03506350187238436,0.035033650053291183,0.03499313541455382,0.03498212529518785,0.03494455772458364,0.034932572606082436
216,obj6__3.png,0.040785530946458,0.040513773012130945,0.04046451446923134,0.040230041222392904,0.03997473012958924,0.03983321656835304,0.03982424981390844,0.03960654986745475,0.03956919794146467,0.03949300661307024,0.03948008258555
217,obj2__46.png,0.037123395967004987,0.03663649917900523,0.0359683861736254,0.035818323993825334,0.03552739938358925,0.035504709474842855,0.035444451382870314,0.035424616560270655,0.035395988220068945,0.03539273234928999,0.03535727262851756
218,obj4__53.png,0.03928239992688213,0.03919262254738354,0.03879930050567671,0.03879715966336396,0.03877709209746639,0.03874328683389887,0.03870777304183589,0.03869189607905296,0.03867763383318652,0.03865881584388133,0.03865066880446741
219,obj6__64.png,0.04016630649987418,0.03981884750690893,0.039719124013828336,0.03932611688306576,0.03925091952223468,0.03915652558689337,0.03906811011910939,0.03902508987708077,0.03899843787846613,0.03895158393292491,0.03892966807298098
220,obj5__23.png,0.03909961265297319,0.038772464478760954,0.03850064723796397,0.038372392908794795,0.03798755137373772,0.037952083630627756,0.037470859199183214,0.03742264014613717,0.037394307423187875,0.03724092841306572,0.03692335091402019
221,obj10__6.png,0.04098828949165488,0.040783312526934894,0.03917074201197966,0.038822145091459495,0.03788114460064555,0.037745774340035475,0.03764435707674338,0.03755635453029167,0.03748094772384261,0.03732843144679503,0.03731663815025825
222,obj13__19.png,0.04283155203984181,0.042652360104083575,0.039831737883553604,0.03903907170513531,0.03872580500503329,0.03867364998008868,0.03858309176599751,0.038517516837624076,0.038492503465021435,0.03843225319683332,0.038264338136344674
223,obj20__56.png,0.04050466176180461,0.040474483288755435,0.04041887613570985,0.0402252764527534,0.040077545977789064,0.04001670133650892,0.03998514141630369,0.03988274969962773,0.03979390818762645,0.039723343943677436,0.03964665794157606
224,obj8__12.png,0.04188418767740898,0.04167182461152233,0.04084591399344787,0.040339736813024295,0.03858398015530051,0.03856525747410555,0.038534148963846736,0.03852681545221901,0.038507334110334905,0.03850585982852836,0.038446572212422925
225,obj15__6.png,0.04172227161273308,0.04162457851610853,0.041585759562308075,0.04156056493762663,0.041497301573582494,0.04147253142825048,0.04141026002708267,0.04135520581096447,0.041292808035283755,0.04126115476314276,0.04123928976269737
226,obj14__21.png,0.040967079220372266,0.04082844100213906,0.04077043838743698,0.04075638707239061,0.040740374558938926,0.04070722073171494,0.040665402686582246,0.040617939708425095,0.04061154835965917,0.04060615508070466,0.0406021429567718
227,obj18__49.png,0.04254220032772382,0.04251950491803285,0.042051438669392156,0.04193425078966804,0.041870645179130035,0.04182621433893141,0.041564127234040196,0.04151595060275525,0.04140390670509351,0.04130835959668831,0.04121152856008107
228,obj13__24.png,0.044065225201559095,0.04364553489487959,0.04028843900931089,0.039487786319057486,0.038487405382925485,0.03846952554749077,0.03845309355479324,0.03836726655438877,0.03827346846599425,0.038135520078727565,0.03809197885455105
229,obj7__3.png,0.038396670275453494,0.038319199304744825,0.03809282596872881,0.03793560361276835,0.037525811131704404,0.03747034723316731,0.037371435534304,0.037333523694444426,0.037216908569251514,0.037198081927562715,0.03717121934351873
230,obj2__39.png,0.03706600676453004,0.036855118835162536,0.036768716988214475,0.036752940191540025,0.03659943222471425,0.03658196788351526,0.036515528997729745,0.03648529694352596,0.036479734665176754,0.03643454054237307,0.03630664896998828
231,obj16__32.png,0.04012803852057044,0.03986090049702846,0.039276366864414936,0.038816530678995396,0.03879497568266283,0.038714928891329124,0.03863453042888782,0.038586347564898454,0.03857670947570132,0.03851834461161237,0.03851050342163527
232,obj3__57.png,0.037810550790659134,0.03779121246691754,0.0376929370571083,0.037520035813795975,0.037512542393375536,0.037051854966869004,0.0368973158583456,0.03688775352123523,0.03683567846251089,0.03680993999729003,0.03674157402240532
233,obj10__35.png,0.03890412535131858,0.038875522463682845,0.03876128140329582,0.03873158948934393,0.038718087873684234,0.03857502991931017,0.03849123724297323,0.03848629864193934,0.038484987106174685,0.03837432815016501,0.03836884449770706
234,obj10__21.png,0.043046473864356546,0.04249108613184395,0.04201446942546335,0.04120967337263381,0.041195662817527505,0.04096530706734428,0.04079265717323985,0.03984140602600968,0.03975980726865099,0.03965140787257181,0.03948637930891789
235,obj2__24.png,0.037377562887097295,0.037274788143084665,0.03663954892185718,0.036587505768634385,0.036553042804612246,0.036358764317487344,0.03616517969229224,0.03597717391752829,0.0359553370406887,0.03585754809995053,0.03579723903078041
236,obj8__68.png,0.04103681106542865,0.040830596774612336,0.04022104028864047,0.03978403039266102,0.039687605924285295,0.039666694844572574,0.03964365589752277,0.039627443295351186,0.03957469258656104,0.03955107091184977,0.03955101138360039
237,obj19__16.png,0.03870495281424101,0.03865854506975201,0.03865154036851019,0.038471082603965395,0.038436251480523084,0.03836124965093109,0.038232053643799634,0.03819116579176325,0.03810610270601347,0.03803840914655104,0.03790331521834846
238,obj5__71.png,0.038867483707262125,0.038450556191553555,0.03840920663521291,0.03833317697926759,0.03816667815846982,0.03807657967259453,0.03803920213535813,0.03803427923134551,0.03793566841581389,0.03785897401033805,0.037823977341900544
239,obj3__18.png,0.036210295278803824,0.03611142925947894,0.036015190750846186,0.03591706789391112,0.03568338307105706,0.035368702385255,0.035356506391356596,0.035343602303782314,0.03532841632943753,0.03524471944460834,0.03518733243181985
240,obj7__71.png,0.03667023647897313,0.036641188210613504,0.0365704808144299,0.036567539917170995,0.03656612429099613,0.03654300466975309,0.036482186959749925,0.036456340360302326,0.036445812444263204,0.03643349834927147,0.036406352486066405
241,obj18__68.png,0.04260952385408369,0.04211347958388514,0.04210650441620873,0.04210399462466319,0.04205072745313799,0.04202619317718858,0.041584146025618704,0.041470481851697015,0.04132616840432539,0.041251387399425174,0.04123816743302304
242,obj14__37.png,0.04018109896032336,0.040106180682377666,0.04009990236338836,0.04006281678079099,0.040058534441854934,0.040025454616129115,0.03998984313171342,0.03997052714130918,0.03995920310545776,0.03993831387293096,0.039860994805702765
243,obj7__28.png,0.0405632409261566,0.03962561666322994,0.03953655626567283,0.039532429504996726,0.03937051176678948,0.039278555074474336,0.039253964734619756,0.039093659301317425,0.03856128989531413,0.038441605671902176,0.03810572323536045
244,obj3__14.png,0.038873278334057175,0.038510846476706696,0.037995528634001484,0.03789352094766307,0.037739971408842964,0.037739690835016194,0.03757889312266329,0.03748264358261799,0.037371660574272055,0.037259679156080805,0.037195835287703066
245,obj14__29.png,0.03954859686268335,0.039333606098974475,0.03917881368792891,0.03917320372952848,0.03915042564555232,0.03910512586470306,0.0390289878033463,0.03900299999258267,0.038932004147962475,0.038864001992839584,0.03881189654603962
246,obj11__56.png,0.04433869835698156,0.044225819712723366,0.04262807082558624,0.042248248014960174,0.04204629719500792,0.04189989006456742,0.041696178415831515,0.04138951866263087,0.041363210692363164,0.0411732306548345,0.04109962856581428
247,obj12__58.png,0.03956573020807461,0.039526203235277765,0.03942243516326273,0.03940861738119904,0.03939567466549828,0.039380490477059604,0.03937963809976466,0.03937099738549662,0.03934937628692727,0.03928153252478382,0.03927938514695509
248,obj7__46.png,0.038239507731811846,0.03793840444295438,0.037915051902490955,0.037820526290746906,0.0376860592288679,0.03744160614382806,0.03729842235656898,0.037287238557731986,0.037279077416415146,0.03723696657609068,0.037147634363884637
249,obj13__31.png,0.04153933940355035,0.04143858231779688,0.03822833014725936,0.03818073170144878,0.03777069051793404,0.037725711806500986,0.0376286138950692,0.03761298018822249,0.03737021641366327,0.03729397309301816,0.03722663766872124
250,obj6__47.png,0.03884306587501941,0.03880512619215359,0.03822620341933414,0.03806294162137223,0.03794572236224087,0.03788702680474957,0.03774833637287727,0.03768379956586094,0.037606571963480516,0.03749594857246679,0.03745771475455175
251,obj2__40.png,0.03670206171941162,0.03656042931812274,0.036505168319908625,0.036434567393745905,0.036330245852784805,0.036300769963970754,0.036249481089744726,0.03622958530632675,0.03615791310630886,0.03611915750522124,0.03605742609565925
252,obj2__55.png,0.03940216719950193,0.03922486671090058,0.03917796095043671,0.039102963035778336,0.0390460257660365,0.03903890933571942,0.038987276674263646,0.03896913626486869,0.03895556214711564,0.03895129477392877,0.03894543111821259
253,obj10__17.png,0.04289549717416716,0.04251371039545011,0.042260127757251735,0.041526731397310064,0.041430555219408916,0.04082766543967022,0.0405784162057163,0.04054477363976268,0.0402127641740008,0.03966046361820983,0.03930277092425902
254,obj19__67.png,0.041345559954362905,0.04102289635400355,0.04093245426029604,0.040696937406343295,0.04051544906566914,0.04047579611799859,0.0404677050025202,0.04045592150570859,0.04035845727002875,0.040294181377263524,0.04028532531025931
255,obj3__38.png,0.04095591657285538,0.04089106810248215,0.040562409146802404,0.0405041239264163,0.04033382755615137,0.040269414824073445,0.04020684182087973,0.0401712130241563,0.04011666608199677,0.04011367053801866,0.0396586969733371
256,obj1__13.png,0.040174615015474445,0.040171669740351974,0.040091606731160266,0.040083795584537896,0.04002840135565753,0.04000141631982834,0.03997886194227603,0.03995869990001768,0.03994443606431539,0.03994256685776697,0.03991126833152974
257,obj16__39.png,0.039764562249063704,0.0395516361245684,0.039013190841336975,0.038998998169095134,0.03888775091602321,0.03885533718990949,0.038798765373236406,0.038747928068528094,0.03873900277974694,0.03869941921503544,0.03865163260325645
258,obj2__33.png,0.03703874469625827,0.03652962417413814,0.03605604785081541,0.03603024204954126,0.035976100125189175,0.03587010118512024,0.03585431383546913,0.03579400852229349,0.035790605583359524,0.03577943627366883,0.03573544646476687
259,obj8__17.png,0.04037907460568272,0.0400380984169685,0.040004968365078754,0.03947388608141811,0.03785493865001114,0.037835131371985534,0.03781489508081546,0.0377973995125194,0.037683911577359515,0.03765370834505508,0.037632435137501655
260,obj3__32.png,0.041320478850873664,0.041316443579001494,0.04130242466476455,0.04113649959207764,0.04092516107031229,0.04083755030606024,0.04080057829005497,0.0407231889927818,0.040702226734575665,0.040602650942838735,0.040516806015022465
261,obj14__47.png,0.03911131589738576,0.039072059256662406,0.03903451839191134,0.03900176761260767,0.03895763542639678,0.03889827492603068,0.03870305350893868,0.03866974550229194,0.03856044379982612,0.0384820285205352,0.038340128193009027
262,obj18__12.png,0.04027197553290913,0.04013864767456466,0.0398230779524173,0.039733066276562846,0.03962226601774565,0.03937414343974306,0.03936741383162322,0.03929969445548577,0.0392577100279774,0.03919205179801198,0.03911926841511835
263,obj9__1.png,0.037921526940893895,0.0377327407826983,0.03764804509787457,0.037506298739948804,0.03738648958162111,0.037375337561810655,0.037263642711390925,0.03724798713417813,0.03722380526356421,0.037142390638498876,0.037140005108159416
264,obj6__8.png,0.04071583778203011,0.04037057076777544,0.040298163518048435,0.039478499248055375,0.03944817458047674,0.0393133194637052,0.03924972890633234,0.03913406446165722,0.03906898481571463,0.03891962835713842,0.03890375078356481
265,obj10__64.png,0.04175988128194701,0.041414571584500404,0.04002213158400752,0.039644793166931584,0.03852767707791661,0.038522374563653906,0.03847624708478778,0.03846432156968587,0.03821662152314885,0.03806041186439522,0.03764188974837576
266,obj16__4.png,0.04010202147209867,0.0398511513559357,0.03915782947579214,0.03871792710661148,0.03832570339141006,0.038194527641873456,0.038192573256721415,0.03807216299005767,0.03806757722848451,0.038050623596935,0.03804197842346351
267,obj15__56.png,0.04190899510454668,0.04187945977083073,0.041819473485116374,0.04177612111176653,0.041728363583466675,0.041654573258439596,0.04164354938152288,0.04153014331755437,0.04147472658592729,0.04145929476145898,0.04138685603076412
268,obj11__27.png,0.0425386736533004,0.04217990039415148,0.04217869286897666,0.042104559062670285,0.041937272984542216,0.041844378068397615,0.04174996874931962,0.04153231189548031,0.041156272832087754,0.041072380169122756,0.04097469419110118
269,obj20__0.png,0.04018424640012826,0.040091017080362,0.03979025650999213,0.0397177568945287,0.03971291853789972,0.039697934155646555,0.03962864275598101,0.03957389516519196,0.039522172316401184,0.03952006952765397,0.039267713442933616
270,obj16__49.png,0.03966479049400053,0.03946208984897239,0.03906110612557439,0.038942767690127195,0.038934165906170035,0.03885343582419779,0.038819192384559505,0.0388176743556059,0.038802094741475154,0.038764906271422,0.03873131112733149
271,obj18__70.png,0.04242108245220978,0.041968843312101205,0.04196687708708647,0.04194454699249652,0.041874749404979976,0.04183666396502837,0.04152427603266313,0.04135701704473965,0.041245911695393225,0.04109539668020007,0.041049960386136196
272,obj10__45.png,0.04271415002481644,0.04271122183462455,0.03976617589970922,0.038886215938927514,0.038171519127750304,0.03786668691554492,0.03778287396010047,0.03747039100810491,0.03742668673780687,0.03738020564540398,0.03732880146363993
273,obj8__37.png,0.04187292475486911,0.04167760174408393,0.04152372258395594,0.04136038399715544,0.038457817334418415,0.03841984685211661,0.03830871673814593,0.03818379541229575,0.03808641286319103,0.037946333358614,0.03770232597251417
274,obj11__11.png,0.04156819450497434,0.04129837992273298,0.03872028463031749,0.038304034114378535,0.03822517198292238,0.03820315639463515,0.0381968577173581,0.03799301716332894,0.03798953206684117,0.03798506939760765,0.03797424246386314
275,obj15__9.png,0.04178365897145573,0.041678082635610146,0.04165310982630691,0.041626111775501684,0.0415486339586699,0.04152670821937833,0.041441372721904714,0.04141755040917569,0.04136889278980073,0.04133216081709258,0.04130390200611116
276,obj7__2.png,0.03783488761541475,0.03773623212871954,0.037664349507953984,0.03762625966776024,0.03759325192370821,0.037493511781230456,0.037433433869208894,0.03730579945557867,0.03723083185163766,0.0371515844116541,0.037148497211144355
277,obj2__56.png,0.039249133034702746,0.03913360773181366,0.03899891890774036,0.03884589872066826,0.03876945636460861,0.038750495590628674,0.038708508203555377,0.03866693022925876,0.03858180585835608,0.03857239141243055,0.03853332585738402
278,obj13__37.png,0.040791155131235594,0.04054946971636691,0.03852828236817137,0.03851202048420725,0.03838976773431702,0.03834804391629046,0.038320500965223,0.03826842502022544,0.03768781925665086,0.037681699563941365,0.03761997044441743
279,obj18__65.png,0.04300836634731368,0.042755499703922686,0.04274080807339688,0.04241561426894076,0.04240596800034337,0.04239782251429683,0.04195265271116232,0.041870261422992036,0.04181834263601066,0.04173251763430068,0.041673096707399396
280,obj15__63.png,0.041784637792139964,0.04171293123905889,0.04162721945419293,0.041615876435965024,0.04158672961743786,0.04156867513661131,0.04146140924635026,0.041414840766632446,0.04133711846059929,0.04123454530503998,0.04120778587704765
281,obj1__49.png,0.04109962612716028,0.04103828982616987,0.041003157405276484,0.0408747972434351,0.04071549718173756,0.040705910990556225,0.04056497525109331,0.04053967614147949,0.04049549551416439,0.04044658008888764,0.040410580896836974
282,obj12__47.png,0.0407506523810524,0.04059559039000421,0.03970326015840527,0.039671983670005594,0.039648160632604214,0.03961633062661252,0.039606125768386506,0.03958747194252176,0.039572992550575406,0.03955865937036533,0.03954593193896003
283,obj12__2.png,0.040066193096196245,0.03978197427547485,0.03865641149266678,0.038629544121026684,0.038613478687430085,0.038578480853351894,0.038569096403803106,0.03852798652760826,0.03842534597894295,0.038422986657977345,0.03838285453040628
284,obj10__16.png,0.04292491972831747,0.04259943210851946,0.04222619880048052,0.04159465474545378,0.0413666633889313,0.040654968348030875,0.040531310219248357,0.040283735684507126,0.04025009514532274,0.03927401746653054,0.03921485928000954
285,obj4__22.png,0.039900719590680554,0.03985895395650075,0.039852914663928055,0.0397214682392027,0.03968978029183144,0.039535499020452565,0.039509134320665246,0.03939498986772432,0.039272912036532916,0.03920295800929194,0.039158270464960496
286,obj8__24.png,0.04213275971722855,0.04160565864598634,0.04065550742764457,0.04009073364664556,0.038446551302236565,0.03809059783241672,0.038086220970477126,0.038027956717462306,0.03802390895661692,0.0380044347423012,0.03800156704028945
287,obj1__55.png,0.0399786015112314,0.039822126837264556,0.03976760711726879,0.0397326536868258,0.03972405748343381,0.039585340608808375,0.03956376248116852,0.03956023637524651,0.03949981129932293,0.039474507865406544,0.039463771131098946
